"id","name","price","date","text"
"1","Cheese","469.00","2040-12-05T14:02:00.088","Boston's most advanced compression wear technology increases muscle oxygenation, stabilizes active muscles"
"2","Salad","53.00","2050-08-10T15:27:36.357","Ergonomic executive chair upholstered in bonded black leather and PVC padded seat and back for all-day comfort and support"
"3","Pants","275.00","2000-09-12T00:51:19.150","The Football Is Good For Training And Recreational Purposes"
"4","Ball","194.00","2022-03-02T05:31:08.661","The slim & simple Maple Gaming Keyboard from Dev Byte comes with a sleek body and 7- Color RGB LED Back-lighting for smart functionality"
"5","Mouse","383.00","2043-01-24T11:38:29.300","Carbonite web goalkeeper gloves are ergonomically designed to give easy fit"
"6","Tuna","315.00","2096-02-19T23:38:16.339","Andy shoes are designed to keeping in mind durability as well as trends, the most stylish range of shoes & sandals"
"7","Chicken","114.00","2052-09-03T07:01:09.301","New ABC 13 9370, 13.3, 5th Gen CoreA5-8250U, 8GB RAM, 256GB SSD, power UHD Graphics, OS 10 Home, OS Office A & J 2016"
"8","Shoes","236.00","2021-04-05T22:22:47.801","Boston's most advanced compression wear technology increases muscle oxygenation, stabilizes active muscles"
"9","Chair","104.00","2043-08-27T04:18:14.833","The Nagasaki Lander is the trademarked name of several series of Nagasaki sport bikes, that started with the 1984 ABC800J"
"10","Chips","436.00","2028-08-27T05:15:05.859","The automobile layout consists of a front-engine design, with transaxle-type transmissions mounted at the rear of the engine and four wheel drive"
"11","Sausages","194.00","2029-03-14T03:07:11.114","Ergonomic executive chair upholstered in bonded black leather and PVC padded seat and back for all-day comfort and support"
"12","Salad","336.00","2091-11-13T11:56:05.109","The slim & simple Maple Gaming Keyboard from Dev Byte comes with a sleek body and 7- Color RGB LED Back-lighting for smart functionality"
"13","Shoes","200.00","2097-04-21T00:56:55.799","Carbonite web goalkeeper gloves are ergonomically designed to give easy fit"
"14","Sausages","385.00","1998-07-02T19:44:12.593","Carbonite web goalkeeper gloves are ergonomically designed to give easy fit"
"15","Computer","24.00","2051-08-01T13:16:57.753","Andy shoes are designed to keeping in mind durability as well as trends, the most stylish range of shoes & sandals"
"16","Computer","289.00","2060-03-01T09:53:46.468","The automobile layout consists of a front-engine design, with transaxle-type transmissions mounted at the rear of the engine and four wheel drive"
"17","Keyboard","227.00","2013-02-21T03:54:59.056","The automobile layout consists of a front-engine design, with transaxle-type transmissions mounted at the rear of the engine and four wheel drive"
"18","Table","351.00","2098-06-10T11:36:39.855","The automobile layout consists of a front-engine design, with transaxle-type transmissions mounted at the rear of the engine and four wheel drive"
"19","Chair","4.00","2068-03-26T00:52:02.291","Andy shoes are designed to keeping in mind durability as well as trends, the most stylish range of shoes & sandals"
"20","Salad","250.00","1992-03-30T07:29:08.610","New range of formal shirts are designed keeping you in mind. With fits and styling that will make you stand apart"