"id","product_id","code","color","access"
"1","1","3528-9614-6978-2239","white","true"
"2","2","6395-0954-1820-9003","orange","true"
"3","3","3528-8234-7968-3353","olive","false"
"4","4","6011-6241-7993-5723-9935","green","true"
"5","5","3613-710604-0387","fuchsia","false"
"6","6","6706734734024696091","sky blue","false"
"7","7","3537-6826-1736-4915","olive","false"
"8","8","6379-7927-7615-6566","lavender","false"
"9","9","4279-7024-0802-9368","maroon","false"
"10","10","6011-0390-4504-3546","salmon","true"
"11","11","3604-631311-7567","salmon","false"
"12","12","3529-6577-8167-2756","plum","true"
"13","13","6384-9746-1429-7132","cyan","false"
"14","14","6759-1415-5897-1224","white","false"
"15","15","6440-6254-1561-1866-6820","blue","true"
"16","16","3427-194965-38564","red","true"
"17","17","3529-2610-3249-9885","orchid","false"
"18","18","6759-5272-4194-5817","salmon","true"
"19","19","6767-4135-2254-1495-950","black","true"
"20","20","5436-9752-6819-3824","blue","true"
"21","1","6375-9869-1609-8118","orange","true"
"22","2","5893-2930-8994-4417","violet","true"
"23","3","6011-6203-1689-7964-3609","purple","true"
"24","4","3433-649407-54225","orchid","false"
"25","5","6709865841301044","pink","false"
"26","6","6771-8902-8748-1996","tan","false"
"27","7","6767-4215-7735-9425-57","green","false"
"28","8","4422-2007-4788-4771","sky blue","false"
"29","9","5546-8416-2416-0864","green","true"
"30","10","6759-1846-4916-5570","magenta","false"
"31","11","6011-0801-0849-3368","indigo","false"
"32","12","5264-0015-6631-1534","silver","false"
"33","13","50204557874770561","lime","true"
"34","14","5018-2152-3287-0884","red","true"
"35","15","6709506825766535","yellow","false"
"36","16","6373-9003-8919-6020","ivory","false"
"37","17","6771735262593709098","blue","true"
"38","18","6387-0359-4380-7798","tan","false"
"39","19","6767-8118-5740-6630-780","cyan","true"
"40","20","6759-9659-1164-2177-378","black","false"
"41","1","6011-6213-9029-2732-4401","purple","false"
"42","2","4619007360038","ivory","false"
"43","3","3012-045256-7019","green","true"
"44","4","3497-581622-46824","green","false"
"45","5","6379-8185-7923-4373","teal","false"
"46","6","6767-6368-9426-9951-91","gold","false"
"47","7","3529-7867-8584-8235","white","true"
"48","8","3479-441802-67495","magenta","false"
"49","9","6011-3452-3722-6819","sky blue","false"
"50","10","6706383729518013","turquoise","false"
